timeStamp,elapsed,label,responseCode,responseMessage,threadName,dataType,success,failureMessage,bytes,sentBytes,grpThreads,allThreads,URL,Latency,IdleTime,Connect
1687017527259,2,HTTP Request,200,OK,TG_1_Small_500 1-1,text,true,,288,137,1,1,http://192.168.56.101/small/test1_small.txt,2,0,1
1687017527292,1,HTTP Request,200,OK,TG_1_Small_500 1-2,text,true,,288,137,2,2,http://192.168.56.101/small/test1_small.txt,1,0,0
1687017527324,2,HTTP Request,200,OK,TG_1_Small_500 1-3,text,true,,288,137,3,3,http://192.168.56.101/small/test1_small.txt,2,0,1
1687017527359,1,HTTP Request,200,OK,TG_1_Small_500 1-4,text,true,,288,137,4,4,http://192.168.56.101/small/test1_small.txt,1,0,1
1687017527379,1,HTTP Request,200,OK,TG_1_Small_500 1-1,text,true,,286,137,4,4,http://192.168.56.101/small/test2_small.txt,1,0,0
1687017527392,1,HTTP Request,200,OK,TG_1_Small_500 1-5,text,true,,288,137,5,5,http://192.168.56.101/small/test1_small.txt,1,0,0
1687017527424,1,HTTP Request,200,OK,TG_1_Small_500 1-6,text,true,,288,137,6,6,http://192.168.56.101/small/test1_small.txt,1,0,0
1687017527457,1,HTTP Request,200,OK,TG_1_Small_500 1-7,text,true,,288,137,7,7,http://192.168.56.101/small/test1_small.txt,1,0,1
1687017527489,2,HTTP Request,200,OK,TG_1_Small_500 1-8,text,true,,288,137,8,8,http://192.168.56.101/small/test1_small.txt,2,0,1
1687017527523,1,HTTP Request,200,OK,TG_1_Small_500 1-9,text,true,,288,137,9,9,http://192.168.56.101/small/test1_small.txt,1,0,1
1687017527531,1,HTTP Request,200,OK,TG_1_Small_500 1-2,text,true,,286,137,9,9,http://192.168.56.101/small/test2_small.txt,1,0,0
1687017527555,2,HTTP Request,200,OK,TG_1_Small_500 1-10,text,true,,288,137,10,10,http://192.168.56.101/small/test1_small.txt,2,0,1
1687017527590,1,HTTP Request,200,OK,TG_1_Small_500 1-11,text,true,,288,137,11,11,http://192.168.56.101/small/test1_small.txt,1,0,0
1687017527623,2,HTTP Request,200,OK,TG_1_Small_500 1-12,text,true,,288,137,12,12,http://192.168.56.101/small/test1_small.txt,2,0,1
1687017527654,3,HTTP Request,200,OK,TG_1_Small_500 1-13,text,true,,288,137,13,13,http://192.168.56.101/small/test1_small.txt,3,0,2
1687017527684,1,HTTP Request,200,OK,TG_1_Small_500 1-3,text,true,,286,137,13,13,http://192.168.56.101/small/test2_small.txt,1,0,0
1687017527688,1,HTTP Request,200,OK,TG_1_Small_500 1-14,text,true,,288,137,14,14,http://192.168.56.101/small/test1_small.txt,1,0,0
1687017527721,1,HTTP Request,200,OK,TG_1_Small_500 1-15,text,true,,288,137,15,15,http://192.168.56.101/small/test1_small.txt,1,0,0
1687017527754,2,HTTP Request,200,OK,TG_1_Small_500 1-16,text,true,,288,137,16,16,http://192.168.56.101/small/test1_small.txt,2,0,1
1687017527786,2,HTTP Request,200,OK,TG_1_Small_500 1-17,text,true,,288,137,17,17,http://192.168.56.101/small/test1_small.txt,2,0,1
1687017527819,2,HTTP Request,200,OK,TG_1_Small_500 1-18,text,true,,288,137,18,18,http://192.168.56.101/small/test1_small.txt,2,0,1
1687017527838,1,HTTP Request,200,OK,TG_1_Small_500 1-4,text,true,,286,137,18,18,http://192.168.56.101/small/test2_small.txt,1,0,0
1687017527853,1,HTTP Request,200,OK,TG_1_Small_500 1-19,text,true,,288,137,19,19,http://192.168.56.101/small/test1_small.txt,1,0,1
1687017527859,1,HTTP Request,200,OK,TG_1_Small_500 1-1,text,true,,286,137,19,19,http://192.168.56.101/small/test3_small.txt,1,0,0
1687017527887,2,HTTP Request,200,OK,TG_1_Small_500 1-20,text,true,,288,137,20,20,http://192.168.56.101/small/test1_small.txt,2,0,1
1687017527920,2,HTTP Request,200,OK,TG_1_Small_500 1-21,text,true,,288,137,21,21,http://192.168.56.101/small/test1_small.txt,2,0,1
1687017527952,1,HTTP Request,200,OK,TG_1_Small_500 1-22,text,true,,288,137,22,22,http://192.168.56.101/small/test1_small.txt,1,0,1
1687017527984,2,HTTP Request,200,OK,TG_1_Small_500 1-23,text,true,,288,137,23,23,http://192.168.56.101/small/test1_small.txt,2,0,1
1687017527991,1,HTTP Request,200,OK,TG_1_Small_500 1-5,text,true,,286,137,23,23,http://192.168.56.101/small/test2_small.txt,1,0,0
1687017528018,1,HTTP Request,200,OK,TG_1_Small_500 1-24,text,true,,288,137,24,24,http://192.168.56.101/small/test1_small.txt,1,0,1
1687017528051,1,HTTP Request,200,OK,TG_1_Small_500 1-25,text,true,,288,137,25,25,http://192.168.56.101/small/test1_small.txt,1,0,1
1687017528084,2,HTTP Request,200,OK,TG_1_Small_500 1-26,text,true,,288,137,26,26,http://192.168.56.101/small/test1_small.txt,2,0,1
1687017528116,2,HTTP Request,200,OK,TG_1_Small_500 1-27,text,true,,288,137,27,27,http://192.168.56.101/small/test1_small.txt,2,0,1
1687017528144,1,HTTP Request,200,OK,TG_1_Small_500 1-6,text,true,,286,137,27,27,http://192.168.56.101/small/test2_small.txt,1,0,0
1687017528151,1,HTTP Request,200,OK,TG_1_Small_500 1-28,text,true,,288,137,28,28,http://192.168.56.101/small/test1_small.txt,1,0,1
1687017528184,1,HTTP Request,200,OK,TG_1_Small_500 1-29,text,true,,288,137,29,29,http://192.168.56.101/small/test1_small.txt,1,0,1
1687017528216,2,HTTP Request,200,OK,TG_1_Small_500 1-30,text,true,,288,137,30,30,http://192.168.56.101/small/test1_small.txt,2,0,1
1687017528297,1,HTTP Request,200,OK,TG_1_Small_500 1-7,text,true,,286,137,30,30,http://192.168.56.101/small/test2_small.txt,1,0,0
1687017528450,1,HTTP Request,200,OK,TG_1_Small_500 1-8,text,true,,286,137,30,30,http://192.168.56.101/small/test2_small.txt,1,0,0
1687017528604,1,HTTP Request,200,OK,TG_1_Small_500 1-9,text,true,,286,137,30,30,http://192.168.56.101/small/test2_small.txt,1,0,0
1687017528612,1,HTTP Request,200,OK,TG_1_Small_500 1-2,text,true,,286,137,30,30,http://192.168.56.101/small/test3_small.txt,1,0,0
1687017528756,1,HTTP Request,200,OK,TG_1_Small_500 1-10,text,true,,286,137,30,30,http://192.168.56.101/small/test2_small.txt,1,0,0
1687017528910,1,HTTP Request,200,OK,TG_1_Small_500 1-11,text,true,,286,137,30,30,http://192.168.56.101/small/test2_small.txt,1,0,0
1687017529065,0,HTTP Request,200,OK,TG_1_Small_500 1-12,text,true,,286,137,30,30,http://192.168.56.101/small/test2_small.txt,0,0,0
1687017529216,0,HTTP Request,200,OK,TG_1_Small_500 1-13,text,true,,286,137,30,30,http://192.168.56.101/small/test2_small.txt,0,0,0
1687017529245,1,HTTP Request,200,OK,TG_1_Small_500 1-3,text,true,,286,137,30,30,http://192.168.56.101/small/test3_small.txt,1,0,0
1687017529369,1,HTTP Request,200,OK,TG_1_Small_500 1-14,text,true,,286,137,30,30,http://192.168.56.101/small/test2_small.txt,1,0,0
1687017529522,0,HTTP Request,200,OK,TG_1_Small_500 1-15,text,true,,286,137,30,30,http://192.168.56.101/small/test2_small.txt,0,0,0
1687017529674,1,HTTP Request,200,OK,TG_1_Small_500 1-16,text,true,,286,137,30,30,http://192.168.56.101/small/test2_small.txt,1,0,0
1687017529828,0,HTTP Request,200,OK,TG_1_Small_500 1-17,text,true,,286,137,30,30,http://192.168.56.101/small/test2_small.txt,0,0,0
1687017529980,1,HTTP Request,200,OK,TG_1_Small_500 1-18,text,true,,286,137,30,30,http://192.168.56.101/small/test2_small.txt,1,0,0
1687017529999,0,HTTP Request,200,OK,TG_1_Small_500 1-4,text,true,,286,137,30,30,http://192.168.56.101/small/test3_small.txt,0,0,0
1687017530133,1,HTTP Request,200,OK,TG_1_Small_500 1-19,text,true,,286,137,30,30,http://192.168.56.101/small/test2_small.txt,1,0,0
1687017530140,1,HTTP Request,200,OK,TG_1_Small_500 1-1,text,true,,287,137,30,30,http://192.168.56.101/small/test1_small.txt,1,0,0
1687017530288,0,HTTP Request,200,OK,TG_1_Small_500 1-20,text,true,,286,137,30,30,http://192.168.56.101/small/test2_small.txt,0,0,0
1687017530441,0,HTTP Request,200,OK,TG_1_Small_500 1-21,text,true,,286,137,30,30,http://192.168.56.101/small/test2_small.txt,0,0,0
1687017530593,1,HTTP Request,200,OK,TG_1_Small_500 1-22,text,true,,286,137,30,30,http://192.168.56.101/small/test2_small.txt,1,0,0
1687017530745,1,HTTP Request,200,OK,TG_1_Small_500 1-23,text,true,,286,137,30,30,http://192.168.56.101/small/test2_small.txt,1,0,0
1687017530752,1,HTTP Request,200,OK,TG_1_Small_500 1-5,text,true,,286,137,30,30,http://192.168.56.101/small/test3_small.txt,1,0,0
1687017530898,1,HTTP Request,200,OK,TG_1_Small_500 1-24,text,true,,286,137,30,30,http://192.168.56.101/small/test2_small.txt,1,0,0
1687017531052,0,HTTP Request,200,OK,TG_1_Small_500 1-25,text,true,,286,137,30,30,http://192.168.56.101/small/test2_small.txt,0,0,0
1687017531205,1,HTTP Request,200,OK,TG_1_Small_500 1-26,text,true,,286,137,30,30,http://192.168.56.101/small/test2_small.txt,1,0,0
1687017531357,1,HTTP Request,200,OK,TG_1_Small_500 1-27,text,true,,286,137,30,30,http://192.168.56.101/small/test2_small.txt,1,0,0
1687017531385,0,HTTP Request,200,OK,TG_1_Small_500 1-6,text,true,,286,137,30,30,http://192.168.56.101/small/test3_small.txt,0,0,0
1687017531512,2,HTTP Request,200,OK,TG_1_Small_500 1-28,text,true,,286,137,30,30,http://192.168.56.101/small/test2_small.txt,2,0,0
1687017531664,1,HTTP Request,200,OK,TG_1_Small_500 1-29,text,true,,286,137,30,30,http://192.168.56.101/small/test2_small.txt,1,0,0
1687017531817,1,HTTP Request,200,OK,TG_1_Small_500 1-30,text,true,,286,137,30,30,http://192.168.56.101/small/test2_small.txt,1,0,0
1687017531898,1,HTTP Request,200,OK,TG_1_Small_500 1-7,text,true,,286,137,30,30,http://192.168.56.101/small/test3_small.txt,1,0,0
1687017532050,3,HTTP Request,200,OK,TG_1_Small_500 1-8,text,true,,286,137,30,30,http://192.168.56.101/small/test3_small.txt,3,0,0
1687017532205,0,HTTP Request,200,OK,TG_1_Small_500 1-9,text,true,,286,137,30,30,http://192.168.56.101/small/test3_small.txt,0,0,0
1687017532212,1,HTTP Request,200,OK,TG_1_Small_500 1-2,text,true,,287,137,30,30,http://192.168.56.101/small/test1_small.txt,1,0,0
1687017532356,1,HTTP Request,200,OK,TG_1_Small_500 1-10,text,true,,286,137,30,30,http://192.168.56.101/small/test3_small.txt,1,0,0
1687017532510,0,HTTP Request,200,OK,TG_1_Small_500 1-11,text,true,,286,137,30,30,http://192.168.56.101/small/test3_small.txt,0,0,0
1687017532664,0,HTTP Request,200,OK,TG_1_Small_500 1-12,text,true,,286,137,30,30,http://192.168.56.101/small/test3_small.txt,0,0,0
1687017532815,1,HTTP Request,200,OK,TG_1_Small_500 1-13,text,true,,286,137,30,30,http://192.168.56.101/small/test3_small.txt,1,0,0
1687017532845,1,HTTP Request,200,OK,TG_1_Small_500 1-3,text,true,,287,137,30,30,http://192.168.56.101/small/test1_small.txt,1,0,0
1687017532969,1,HTTP Request,200,OK,TG_1_Small_500 1-14,text,true,,286,137,30,30,http://192.168.56.101/small/test3_small.txt,1,0,0
1687017533121,1,HTTP Request,200,OK,TG_1_Small_500 1-15,text,true,,286,137,30,30,http://192.168.56.101/small/test3_small.txt,1,0,0
1687017533274,1,HTTP Request,200,OK,TG_1_Small_500 1-16,text,true,,286,137,30,30,http://192.168.56.101/small/test3_small.txt,1,0,0
1687017533426,1,HTTP Request,200,OK,TG_1_Small_500 1-17,text,true,,286,137,30,30,http://192.168.56.101/small/test3_small.txt,1,0,0
1687017533579,1,HTTP Request,200,OK,TG_1_Small_500 1-18,text,true,,286,137,30,30,http://192.168.56.101/small/test3_small.txt,1,0,0
1687017533599,0,HTTP Request,200,OK,TG_1_Small_500 1-4,text,true,,287,137,30,30,http://192.168.56.101/small/test1_small.txt,0,0,0
1687017533732,1,HTTP Request,200,OK,TG_1_Small_500 1-19,text,true,,286,137,30,30,http://192.168.56.101/small/test3_small.txt,1,0,0
1687017533739,1,HTTP Request,200,OK,TG_1_Small_500 1-1,text,true,,286,137,30,30,http://192.168.56.101/small/test2_small.txt,1,0,0
1687017533888,0,HTTP Request,200,OK,TG_1_Small_500 1-20,text,true,,286,137,30,30,http://192.168.56.101/small/test3_small.txt,0,0,0
1687017534039,1,HTTP Request,200,OK,TG_1_Small_500 1-21,text,true,,286,137,30,30,http://192.168.56.101/small/test3_small.txt,1,0,0
1687017534192,1,HTTP Request,200,OK,TG_1_Small_500 1-22,text,true,,286,137,30,30,http://192.168.56.101/small/test3_small.txt,1,0,0
1687017534344,1,HTTP Request,200,OK,TG_1_Small_500 1-23,text,true,,286,137,30,30,http://192.168.56.101/small/test3_small.txt,1,0,0
1687017534352,0,HTTP Request,200,OK,TG_1_Small_500 1-5,text,true,,287,137,30,30,http://192.168.56.101/small/test1_small.txt,0,0,0
1687017534498,1,HTTP Request,200,OK,TG_1_Small_500 1-24,text,true,,286,137,30,30,http://192.168.56.101/small/test3_small.txt,1,0,0
1687017534650,0,HTTP Request,200,OK,TG_1_Small_500 1-25,text,true,,286,137,30,30,http://192.168.56.101/small/test3_small.txt,0,0,0
1687017534805,0,HTTP Request,200,OK,TG_1_Small_500 1-26,text,true,,286,137,30,30,http://192.168.56.101/small/test3_small.txt,0,0,0
1687017534956,1,HTTP Request,200,OK,TG_1_Small_500 1-27,text,true,,286,137,30,30,http://192.168.56.101/small/test3_small.txt,1,0,0
1687017534984,1,HTTP Request,200,OK,TG_1_Small_500 1-6,text,true,,287,137,30,30,http://192.168.56.101/small/test1_small.txt,0,0,0
1687017535110,1,HTTP Request,200,OK,TG_1_Small_500 1-28,text,true,,286,137,30,30,http://192.168.56.101/small/test3_small.txt,1,0,0
1687017535264,0,HTTP Request,200,OK,TG_1_Small_500 1-29,text,true,,286,137,30,30,http://192.168.56.101/small/test3_small.txt,0,0,0
1687017535416,0,HTTP Request,200,OK,TG_1_Small_500 1-30,text,true,,286,137,30,30,http://192.168.56.101/small/test3_small.txt,0,0,0
1687017535497,1,HTTP Request,200,OK,TG_1_Small_500 1-7,text,true,,287,137,30,30,http://192.168.56.101/small/test1_small.txt,1,0,0
1687017535649,1,HTTP Request,200,OK,TG_1_Small_500 1-8,text,true,,287,137,30,30,http://192.168.56.101/small/test1_small.txt,1,0,0
1687017535803,0,HTTP Request,200,OK,TG_1_Small_500 1-9,text,true,,287,137,30,30,http://192.168.56.101/small/test1_small.txt,0,0,0
1687017535811,0,HTTP Request,200,OK,TG_1_Small_500 1-2,text,true,,286,137,30,30,http://192.168.56.101/small/test2_small.txt,0,0,0
1687017535955,0,HTTP Request,200,OK,TG_1_Small_500 1-10,text,true,,287,137,30,30,http://192.168.56.101/small/test1_small.txt,0,0,0
1687017536109,0,HTTP Request,200,OK,TG_1_Small_500 1-11,text,true,,287,137,30,30,http://192.168.56.101/small/test1_small.txt,0,0,0
1687017536263,0,HTTP Request,200,OK,TG_1_Small_500 1-12,text,true,,287,137,30,30,http://192.168.56.101/small/test1_small.txt,0,0,0
1687017536414,0,HTTP Request,200,OK,TG_1_Small_500 1-13,text,true,,287,137,30,30,http://192.168.56.101/small/test1_small.txt,0,0,0
1687017536444,1,HTTP Request,200,OK,TG_1_Small_500 1-3,text,true,,286,137,30,30,http://192.168.56.101/small/test2_small.txt,1,0,0
1687017536567,1,HTTP Request,200,OK,TG_1_Small_500 1-14,text,true,,287,137,30,30,http://192.168.56.101/small/test1_small.txt,1,0,0
1687017536721,1,HTTP Request,200,OK,TG_1_Small_500 1-15,text,true,,287,137,30,30,http://192.168.56.101/small/test1_small.txt,1,0,0
1687017536874,1,HTTP Request,200,OK,TG_1_Small_500 1-16,text,true,,287,137,30,30,http://192.168.56.101/small/test1_small.txt,1,0,0
1687017537026,1,HTTP Request,200,OK,TG_1_Small_500 1-17,text,true,,287,137,30,30,http://192.168.56.101/small/test1_small.txt,1,0,0
1687017537179,1,HTTP Request,200,OK,TG_1_Small_500 1-18,text,true,,287,137,30,30,http://192.168.56.101/small/test1_small.txt,1,0,0
1687017537198,1,HTTP Request,200,OK,TG_1_Small_500 1-4,text,true,,286,137,30,30,http://192.168.56.101/small/test2_small.txt,1,0,0
1687017537332,1,HTTP Request,200,OK,TG_1_Small_500 1-19,text,true,,287,137,30,30,http://192.168.56.101/small/test1_small.txt,1,0,0
1687017537339,0,HTTP Request,200,OK,TG_1_Small_500 1-1,text,true,,286,137,30,30,http://192.168.56.101/small/test3_small.txt,0,0,0
1687017537487,1,HTTP Request,200,OK,TG_1_Small_500 1-20,text,true,,287,137,30,30,http://192.168.56.101/small/test1_small.txt,1,0,0
1687017537640,1,HTTP Request,200,OK,TG_1_Small_500 1-21,text,true,,287,137,30,30,http://192.168.56.101/small/test1_small.txt,1,0,0
1687017537791,1,HTTP Request,200,OK,TG_1_Small_500 1-22,text,true,,287,137,30,30,http://192.168.56.101/small/test1_small.txt,1,0,0
1687017537944,1,HTTP Request,200,OK,TG_1_Small_500 1-23,text,true,,287,137,30,30,http://192.168.56.101/small/test1_small.txt,1,0,0
1687017537951,0,HTTP Request,200,OK,TG_1_Small_500 1-5,text,true,,286,137,30,30,http://192.168.56.101/small/test2_small.txt,0,0,0
1687017538098,2,HTTP Request,200,OK,TG_1_Small_500 1-24,text,true,,287,137,30,30,http://192.168.56.101/small/test1_small.txt,2,0,0
1687017538250,1,HTTP Request,200,OK,TG_1_Small_500 1-25,text,true,,287,137,30,30,http://192.168.56.101/small/test1_small.txt,1,0,0
1687017538404,1,HTTP Request,200,OK,TG_1_Small_500 1-26,text,true,,287,137,30,30,http://192.168.56.101/small/test1_small.txt,1,0,0
1687017538557,0,HTTP Request,200,OK,TG_1_Small_500 1-27,text,true,,287,137,30,30,http://192.168.56.101/small/test1_small.txt,0,0,0
1687017538583,1,HTTP Request,200,OK,TG_1_Small_500 1-6,text,true,,286,137,30,30,http://192.168.56.101/small/test2_small.txt,1,0,0
1687017538710,1,HTTP Request,200,OK,TG_1_Small_500 1-28,text,true,,287,137,30,30,http://192.168.56.101/small/test1_small.txt,1,0,0
1687017538864,1,HTTP Request,200,OK,TG_1_Small_500 1-29,text,true,,287,137,30,30,http://192.168.56.101/small/test1_small.txt,1,0,0
1687017539016,1,HTTP Request,200,OK,TG_1_Small_500 1-30,text,true,,287,137,30,30,http://192.168.56.101/small/test1_small.txt,0,0,0
1687017539097,1,HTTP Request,200,OK,TG_1_Small_500 1-7,text,true,,286,137,30,30,http://192.168.56.101/small/test2_small.txt,1,0,0
1687017539249,1,HTTP Request,200,OK,TG_1_Small_500 1-8,text,true,,286,137,30,30,http://192.168.56.101/small/test2_small.txt,1,0,0
1687017539403,1,HTTP Request,200,OK,TG_1_Small_500 1-9,text,true,,286,137,30,30,http://192.168.56.101/small/test2_small.txt,1,0,0
1687017539411,1,HTTP Request,200,OK,TG_1_Small_500 1-2,text,true,,286,137,30,30,http://192.168.56.101/small/test3_small.txt,1,0,0
1687017539556,0,HTTP Request,200,OK,TG_1_Small_500 1-10,text,true,,286,137,30,30,http://192.168.56.101/small/test2_small.txt,0,0,0
1687017539709,1,HTTP Request,200,OK,TG_1_Small_500 1-11,text,true,,286,137,30,30,http://192.168.56.101/small/test2_small.txt,1,0,0
1687017539863,0,HTTP Request,200,OK,TG_1_Small_500 1-12,text,true,,286,137,30,30,http://192.168.56.101/small/test2_small.txt,0,0,0
1687017540015,0,HTTP Request,200,OK,TG_1_Small_500 1-13,text,true,,286,137,30,30,http://192.168.56.101/small/test2_small.txt,0,0,0
1687017540044,0,HTTP Request,200,OK,TG_1_Small_500 1-3,text,true,,286,137,30,30,http://192.168.56.101/small/test3_small.txt,0,0,0
1687017540167,1,HTTP Request,200,OK,TG_1_Small_500 1-14,text,true,,286,137,30,30,http://192.168.56.101/small/test2_small.txt,1,0,0
1687017540320,1,HTTP Request,200,OK,TG_1_Small_500 1-15,text,true,,286,137,30,30,http://192.168.56.101/small/test2_small.txt,1,0,0
1687017540475,0,HTTP Request,200,OK,TG_1_Small_500 1-16,text,true,,286,137,30,30,http://192.168.56.101/small/test2_small.txt,0,0,0
1687017540626,1,HTTP Request,200,OK,TG_1_Small_500 1-17,text,true,,286,137,30,30,http://192.168.56.101/small/test2_small.txt,1,0,0
1687017540779,1,HTTP Request,200,OK,TG_1_Small_500 1-18,text,true,,286,137,30,30,http://192.168.56.101/small/test2_small.txt,1,0,0
1687017540798,1,HTTP Request,200,OK,TG_1_Small_500 1-4,text,true,,286,137,30,30,http://192.168.56.101/small/test3_small.txt,1,0,0
1687017540933,0,HTTP Request,200,OK,TG_1_Small_500 1-19,text,true,,286,137,30,30,http://192.168.56.101/small/test2_small.txt,0,0,0
1687017540940,0,HTTP Request,200,OK,TG_1_Small_500 1-1,text,true,,287,137,30,30,http://192.168.56.101/small/test1_small.txt,0,0,0
1687017541088,0,HTTP Request,200,OK,TG_1_Small_500 1-20,text,true,,286,137,30,30,http://192.168.56.101/small/test2_small.txt,0,0,0
1687017541239,1,HTTP Request,200,OK,TG_1_Small_500 1-21,text,true,,286,137,30,30,http://192.168.56.101/small/test2_small.txt,1,0,0
1687017541392,1,HTTP Request,200,OK,TG_1_Small_500 1-22,text,true,,286,137,30,30,http://192.168.56.101/small/test2_small.txt,1,0,0
1687017541545,0,HTTP Request,200,OK,TG_1_Small_500 1-23,text,true,,286,137,30,30,http://192.168.56.101/small/test2_small.txt,0,0,0
1687017541551,1,HTTP Request,200,OK,TG_1_Small_500 1-5,text,true,,286,137,30,30,http://192.168.56.101/small/test3_small.txt,1,0,0
1687017541699,1,HTTP Request,200,OK,TG_1_Small_500 1-24,text,true,,286,137,30,30,http://192.168.56.101/small/test2_small.txt,1,0,0
1687017541850,1,HTTP Request,200,OK,TG_1_Small_500 1-25,text,true,,286,137,30,30,http://192.168.56.101/small/test2_small.txt,1,0,0
1687017542005,0,HTTP Request,200,OK,TG_1_Small_500 1-26,text,true,,286,137,30,30,http://192.168.56.101/small/test2_small.txt,0,0,0
1687017542156,1,HTTP Request,200,OK,TG_1_Small_500 1-27,text,true,,286,137,30,30,http://192.168.56.101/small/test2_small.txt,1,0,0
1687017542183,0,HTTP Request,200,OK,TG_1_Small_500 1-6,text,true,,286,137,30,30,http://192.168.56.101/small/test3_small.txt,0,0,0
1687017542311,1,HTTP Request,200,OK,TG_1_Small_500 1-28,text,true,,286,137,30,30,http://192.168.56.101/small/test2_small.txt,1,0,0
1687017542464,1,HTTP Request,200,OK,TG_1_Small_500 1-29,text,true,,286,137,30,30,http://192.168.56.101/small/test2_small.txt,1,0,0
1687017542616,1,HTTP Request,200,OK,TG_1_Small_500 1-30,text,true,,286,137,30,30,http://192.168.56.101/small/test2_small.txt,1,0,0
1687017542696,1,HTTP Request,200,OK,TG_1_Small_500 1-7,text,true,,286,137,30,30,http://192.168.56.101/small/test3_small.txt,1,0,0
1687017542849,1,HTTP Request,200,OK,TG_1_Small_500 1-8,text,true,,286,137,30,30,http://192.168.56.101/small/test3_small.txt,1,0,0
1687017543004,1,HTTP Request,200,OK,TG_1_Small_500 1-9,text,true,,286,137,30,30,http://192.168.56.101/small/test3_small.txt,1,0,0
1687017543011,0,HTTP Request,200,OK,TG_1_Small_500 1-2,text,true,,287,137,30,30,http://192.168.56.101/small/test1_small.txt,0,0,0
1687017543155,0,HTTP Request,200,OK,TG_1_Small_500 1-10,text,true,,286,137,30,30,http://192.168.56.101/small/test3_small.txt,0,0,0
1687017543309,1,HTTP Request,200,OK,TG_1_Small_500 1-11,text,true,,286,137,30,30,http://192.168.56.101/small/test3_small.txt,1,0,0
1687017543463,1,HTTP Request,200,OK,TG_1_Small_500 1-12,text,true,,286,137,30,30,http://192.168.56.101/small/test3_small.txt,1,0,0
1687017543614,1,HTTP Request,200,OK,TG_1_Small_500 1-13,text,true,,286,137,30,30,http://192.168.56.101/small/test3_small.txt,1,0,0
1687017543644,1,HTTP Request,200,OK,TG_1_Small_500 1-3,text,true,,287,137,30,30,http://192.168.56.101/small/test1_small.txt,1,0,0
1687017543767,1,HTTP Request,200,OK,TG_1_Small_500 1-14,text,true,,286,137,30,30,http://192.168.56.101/small/test3_small.txt,1,0,0
1687017543920,1,HTTP Request,200,OK,TG_1_Small_500 1-15,text,true,,286,137,30,30,http://192.168.56.101/small/test3_small.txt,1,0,0
1687017544074,1,HTTP Request,200,OK,TG_1_Small_500 1-16,text,true,,286,137,30,30,http://192.168.56.101/small/test3_small.txt,1,0,0
1687017544226,0,HTTP Request,200,OK,TG_1_Small_500 1-17,text,true,,286,137,30,30,http://192.168.56.101/small/test3_small.txt,0,0,0
1687017544379,0,HTTP Request,200,OK,TG_1_Small_500 1-18,text,true,,286,137,30,30,http://192.168.56.101/small/test3_small.txt,0,0,0
1687017544398,1,HTTP Request,200,OK,TG_1_Small_500 1-4,text,true,,287,137,30,30,http://192.168.56.101/small/test1_small.txt,1,0,0
1687017544532,1,HTTP Request,200,OK,TG_1_Small_500 1-19,text,true,,286,137,30,30,http://192.168.56.101/small/test3_small.txt,1,0,0
1687017544539,0,HTTP Request,200,OK,TG_1_Small_500 1-1,text,true,,286,137,30,30,http://192.168.56.101/small/test2_small.txt,0,0,0
1687017544687,1,HTTP Request,200,OK,TG_1_Small_500 1-20,text,true,,286,137,30,30,http://192.168.56.101/small/test3_small.txt,1,0,0
1687017544839,1,HTTP Request,200,OK,TG_1_Small_500 1-21,text,true,,286,137,30,30,http://192.168.56.101/small/test3_small.txt,1,0,0
1687017544993,1,HTTP Request,200,OK,TG_1_Small_500 1-22,text,true,,286,137,30,30,http://192.168.56.101/small/test3_small.txt,1,0,0
1687017545145,0,HTTP Request,200,OK,TG_1_Small_500 1-23,text,true,,286,137,30,30,http://192.168.56.101/small/test3_small.txt,0,0,0
1687017545151,1,HTTP Request,200,OK,TG_1_Small_500 1-5,text,true,,287,137,30,30,http://192.168.56.101/small/test1_small.txt,1,0,0
1687017545298,1,HTTP Request,200,OK,TG_1_Small_500 1-24,text,true,,286,137,30,30,http://192.168.56.101/small/test3_small.txt,1,0,0
1687017545451,1,HTTP Request,200,OK,TG_1_Small_500 1-25,text,true,,286,137,30,30,http://192.168.56.101/small/test3_small.txt,1,0,0
1687017545604,1,HTTP Request,200,OK,TG_1_Small_500 1-26,text,true,,286,137,30,30,http://192.168.56.101/small/test3_small.txt,1,0,0
1687017545756,1,HTTP Request,200,OK,TG_1_Small_500 1-27,text,true,,286,137,30,30,http://192.168.56.101/small/test3_small.txt,1,0,0
1687017545784,0,HTTP Request,200,OK,TG_1_Small_500 1-6,text,true,,287,137,30,30,http://192.168.56.101/small/test1_small.txt,0,0,0
1687017545910,1,HTTP Request,200,OK,TG_1_Small_500 1-28,text,true,,286,137,30,30,http://192.168.56.101/small/test3_small.txt,1,0,0
1687017546064,0,HTTP Request,200,OK,TG_1_Small_500 1-29,text,true,,286,137,30,30,http://192.168.56.101/small/test3_small.txt,0,0,0
1687017546215,1,HTTP Request,200,OK,TG_1_Small_500 1-30,text,true,,286,137,30,30,http://192.168.56.101/small/test3_small.txt,1,0,0
1687017546297,1,HTTP Request,200,OK,TG_1_Small_500 1-7,text,true,,287,137,30,30,http://192.168.56.101/small/test1_small.txt,1,0,0
1687017546450,0,HTTP Request,200,OK,TG_1_Small_500 1-8,text,true,,287,137,30,30,http://192.168.56.101/small/test1_small.txt,0,0,0
1687017546603,1,HTTP Request,200,OK,TG_1_Small_500 1-9,text,true,,287,137,30,30,http://192.168.56.101/small/test1_small.txt,1,0,0
1687017546611,1,HTTP Request,200,OK,TG_1_Small_500 1-2,text,true,,286,137,30,30,http://192.168.56.101/small/test2_small.txt,1,0,0
1687017546755,1,HTTP Request,200,OK,TG_1_Small_500 1-10,text,true,,287,137,30,30,http://192.168.56.101/small/test1_small.txt,1,0,0
1687017546909,0,HTTP Request,200,OK,TG_1_Small_500 1-11,text,true,,287,137,30,30,http://192.168.56.101/small/test1_small.txt,0,0,0
1687017547063,1,HTTP Request,200,OK,TG_1_Small_500 1-12,text,true,,287,137,30,30,http://192.168.56.101/small/test1_small.txt,1,0,0
1687017547215,0,HTTP Request,200,OK,TG_1_Small_500 1-13,text,true,,287,137,30,30,http://192.168.56.101/small/test1_small.txt,0,0,0
1687017547245,0,HTTP Request,200,OK,TG_1_Small_500 1-3,text,true,,286,137,30,30,http://192.168.56.101/small/test2_small.txt,0,0,0
1687017547367,1,HTTP Request,200,OK,TG_1_Small_500 1-14,text,true,,287,137,30,30,http://192.168.56.101/small/test1_small.txt,1,0,0
1687017547520,1,HTTP Request,200,OK,TG_1_Small_500 1-15,text,true,,287,137,30,30,http://192.168.56.101/small/test1_small.txt,1,0,0
1687017547674,1,HTTP Request,200,OK,TG_1_Small_500 1-16,text,true,,287,137,30,30,http://192.168.56.101/small/test1_small.txt,1,0,0
1687017547827,0,HTTP Request,200,OK,TG_1_Small_500 1-17,text,true,,287,137,30,30,http://192.168.56.101/small/test1_small.txt,0,0,0
1687017547979,1,HTTP Request,200,OK,TG_1_Small_500 1-18,text,true,,287,137,30,30,http://192.168.56.101/small/test1_small.txt,1,0,0
1687017547999,1,HTTP Request,200,OK,TG_1_Small_500 1-4,text,true,,286,137,30,30,http://192.168.56.101/small/test2_small.txt,1,0,0
1687017548133,0,HTTP Request,200,OK,TG_1_Small_500 1-19,text,true,,287,137,30,30,http://192.168.56.101/small/test1_small.txt,0,0,0
1687017548139,1,HTTP Request,200,OK,TG_1_Small_500 1-1,text,true,,286,137,30,30,http://192.168.56.101/small/test3_small.txt,1,0,0
1687017548287,1,HTTP Request,200,OK,TG_1_Small_500 1-20,text,true,,287,137,30,30,http://192.168.56.101/small/test1_small.txt,1,0,0
1687017548440,1,HTTP Request,200,OK,TG_1_Small_500 1-21,text,true,,287,137,30,30,http://192.168.56.101/small/test1_small.txt,1,0,0
1687017548593,0,HTTP Request,200,OK,TG_1_Small_500 1-22,text,true,,287,137,30,30,http://192.168.56.101/small/test1_small.txt,0,0,0
1687017548744,1,HTTP Request,200,OK,TG_1_Small_500 1-23,text,true,,287,137,30,30,http://192.168.56.101/small/test1_small.txt,1,0,0
1687017548751,0,HTTP Request,200,OK,TG_1_Small_500 1-5,text,true,,286,137,30,30,http://192.168.56.101/small/test2_small.txt,0,0,0
1687017548898,1,HTTP Request,200,OK,TG_1_Small_500 1-24,text,true,,287,137,30,30,http://192.168.56.101/small/test1_small.txt,1,0,0
1687017549050,1,HTTP Request,200,OK,TG_1_Small_500 1-25,text,true,,287,137,30,30,http://192.168.56.101/small/test1_small.txt,1,0,0
1687017549204,1,HTTP Request,200,OK,TG_1_Small_500 1-26,text,true,,287,137,30,30,http://192.168.56.101/small/test1_small.txt,1,0,0
1687017549356,1,HTTP Request,200,OK,TG_1_Small_500 1-27,text,true,,287,137,30,30,http://192.168.56.101/small/test1_small.txt,1,0,0
1687017549383,0,HTTP Request,200,OK,TG_1_Small_500 1-6,text,true,,286,137,30,30,http://192.168.56.101/small/test2_small.txt,0,0,0
1687017549511,1,HTTP Request,200,OK,TG_1_Small_500 1-28,text,true,,287,137,30,30,http://192.168.56.101/small/test1_small.txt,1,0,0
1687017549664,1,HTTP Request,200,OK,TG_1_Small_500 1-29,text,true,,287,137,30,30,http://192.168.56.101/small/test1_small.txt,1,0,0
1687017549816,1,HTTP Request,200,OK,TG_1_Small_500 1-30,text,true,,287,137,30,30,http://192.168.56.101/small/test1_small.txt,1,0,0
1687017549898,0,HTTP Request,200,OK,TG_1_Small_500 1-7,text,true,,286,137,30,30,http://192.168.56.101/small/test2_small.txt,0,0,0
1687017550049,1,HTTP Request,200,OK,TG_1_Small_500 1-8,text,true,,286,137,30,30,http://192.168.56.101/small/test2_small.txt,1,0,0
1687017550203,1,HTTP Request,200,OK,TG_1_Small_500 1-9,text,true,,286,137,30,30,http://192.168.56.101/small/test2_small.txt,1,0,0
1687017550212,0,HTTP Request,200,OK,TG_1_Small_500 1-2,text,true,,286,137,30,30,http://192.168.56.101/small/test3_small.txt,0,0,0
1687017550355,1,HTTP Request,200,OK,TG_1_Small_500 1-10,text,true,,286,137,30,30,http://192.168.56.101/small/test2_small.txt,1,0,0
1687017550509,1,HTTP Request,200,OK,TG_1_Small_500 1-11,text,true,,286,137,30,30,http://192.168.56.101/small/test2_small.txt,1,0,0
1687017550663,1,HTTP Request,200,OK,TG_1_Small_500 1-12,text,true,,286,137,30,30,http://192.168.56.101/small/test2_small.txt,1,0,0
1687017550814,1,HTTP Request,200,OK,TG_1_Small_500 1-13,text,true,,286,137,30,30,http://192.168.56.101/small/test2_small.txt,1,0,0
1687017550844,1,HTTP Request,200,OK,TG_1_Small_500 1-3,text,true,,286,137,30,30,http://192.168.56.101/small/test3_small.txt,1,0,0
1687017550968,1,HTTP Request,200,OK,TG_1_Small_500 1-14,text,true,,286,137,30,30,http://192.168.56.101/small/test2_small.txt,1,0,0
1687017551120,1,HTTP Request,200,OK,TG_1_Small_500 1-15,text,true,,286,137,30,30,http://192.168.56.101/small/test2_small.txt,1,0,0
1687017551275,0,HTTP Request,200,OK,TG_1_Small_500 1-16,text,true,,286,137,30,30,http://192.168.56.101/small/test2_small.txt,0,0,0
1687017551426,1,HTTP Request,200,OK,TG_1_Small_500 1-17,text,true,,286,137,30,30,http://192.168.56.101/small/test2_small.txt,1,0,0
1687017551579,1,HTTP Request,200,OK,TG_1_Small_500 1-18,text,true,,286,137,30,30,http://192.168.56.101/small/test2_small.txt,1,0,0
1687017551598,1,HTTP Request,200,OK,TG_1_Small_500 1-4,text,true,,286,137,30,30,http://192.168.56.101/small/test3_small.txt,1,0,0
1687017551732,1,HTTP Request,200,OK,TG_1_Small_500 1-19,text,true,,286,137,30,30,http://192.168.56.101/small/test2_small.txt,1,0,0
1687017551739,1,HTTP Request,200,OK,TG_1_Small_500 1-1,text,true,,287,137,30,30,http://192.168.56.101/small/test1_small.txt,1,0,0
1687017551887,1,HTTP Request,200,OK,TG_1_Small_500 1-20,text,true,,286,137,30,30,http://192.168.56.101/small/test2_small.txt,1,0,0
1687017552039,1,HTTP Request,200,OK,TG_1_Small_500 1-21,text,true,,286,137,30,30,http://192.168.56.101/small/test2_small.txt,1,0,0
1687017552192,1,HTTP Request,200,OK,TG_1_Small_500 1-22,text,true,,286,137,30,30,http://192.168.56.101/small/test2_small.txt,1,0,0
1687017552344,1,HTTP Request,200,OK,TG_1_Small_500 1-23,text,true,,286,137,30,30,http://192.168.56.101/small/test2_small.txt,1,0,0
1687017552351,1,HTTP Request,200,OK,TG_1_Small_500 1-5,text,true,,286,137,30,30,http://192.168.56.101/small/test3_small.txt,1,0,0
1687017552498,1,HTTP Request,200,OK,TG_1_Small_500 1-24,text,true,,286,137,30,30,http://192.168.56.101/small/test2_small.txt,1,0,0
1687017552651,1,HTTP Request,200,OK,TG_1_Small_500 1-25,text,true,,286,137,30,30,http://192.168.56.101/small/test2_small.txt,0,0,0
1687017552804,1,HTTP Request,200,OK,TG_1_Small_500 1-26,text,true,,286,137,30,30,http://192.168.56.101/small/test2_small.txt,1,0,0
1687017552957,0,HTTP Request,200,OK,TG_1_Small_500 1-27,text,true,,286,137,30,30,http://192.168.56.101/small/test2_small.txt,0,0,0
1687017552983,1,HTTP Request,200,OK,TG_1_Small_500 1-6,text,true,,286,137,30,30,http://192.168.56.101/small/test3_small.txt,1,0,0
1687017553110,1,HTTP Request,200,OK,TG_1_Small_500 1-28,text,true,,286,137,30,30,http://192.168.56.101/small/test2_small.txt,1,0,0
1687017553264,0,HTTP Request,200,OK,TG_1_Small_500 1-29,text,true,,286,137,30,30,http://192.168.56.101/small/test2_small.txt,0,0,0
1687017553417,0,HTTP Request,200,OK,TG_1_Small_500 1-30,text,true,,286,137,30,30,http://192.168.56.101/small/test2_small.txt,0,0,0
1687017553497,1,HTTP Request,200,OK,TG_1_Small_500 1-7,text,true,,286,137,30,30,http://192.168.56.101/small/test3_small.txt,1,0,0
1687017553649,1,HTTP Request,200,OK,TG_1_Small_500 1-8,text,true,,286,137,30,30,http://192.168.56.101/small/test3_small.txt,1,0,0
1687017553803,1,HTTP Request,200,OK,TG_1_Small_500 1-9,text,true,,286,137,30,30,http://192.168.56.101/small/test3_small.txt,1,0,0
1687017553811,1,HTTP Request,200,OK,TG_1_Small_500 1-2,text,true,,287,137,30,30,http://192.168.56.101/small/test1_small.txt,1,0,0
1687017553956,0,HTTP Request,200,OK,TG_1_Small_500 1-10,text,true,,286,137,30,30,http://192.168.56.101/small/test3_small.txt,0,0,0
1687017554109,1,HTTP Request,200,OK,TG_1_Small_500 1-11,text,true,,286,137,30,30,http://192.168.56.101/small/test3_small.txt,1,0,0
1687017554263,0,HTTP Request,200,OK,TG_1_Small_500 1-12,text,true,,286,137,30,30,http://192.168.56.101/small/test3_small.txt,0,0,0
1687017554415,1,HTTP Request,200,OK,TG_1_Small_500 1-13,text,true,,286,137,30,30,http://192.168.56.101/small/test3_small.txt,1,0,0
1687017554444,1,HTTP Request,200,OK,TG_1_Small_500 1-3,text,true,,287,137,30,30,http://192.168.56.101/small/test1_small.txt,1,0,0
1687017554567,1,HTTP Request,200,OK,TG_1_Small_500 1-14,text,true,,286,137,30,30,http://192.168.56.101/small/test3_small.txt,1,0,0
1687017554720,0,HTTP Request,200,OK,TG_1_Small_500 1-15,text,true,,286,137,30,30,http://192.168.56.101/small/test3_small.txt,0,0,0
1687017554874,1,HTTP Request,200,OK,TG_1_Small_500 1-16,text,true,,286,137,30,30,http://192.168.56.101/small/test3_small.txt,1,0,0
1687017555026,1,HTTP Request,200,OK,TG_1_Small_500 1-17,text,true,,286,137,30,30,http://192.168.56.101/small/test3_small.txt,1,0,0
1687017555179,1,HTTP Request,200,OK,TG_1_Small_500 1-18,text,true,,286,137,30,30,http://192.168.56.101/small/test3_small.txt,1,0,0
1687017555198,0,HTTP Request,200,OK,TG_1_Small_500 1-4,text,true,,287,137,30,30,http://192.168.56.101/small/test1_small.txt,0,0,0
1687017555332,1,HTTP Request,200,OK,TG_1_Small_500 1-19,text,true,,286,137,30,30,http://192.168.56.101/small/test3_small.txt,1,0,0
1687017555339,1,HTTP Request,200,OK,TG_1_Small_500 1-1,text,true,,286,137,30,30,http://192.168.56.101/small/test2_small.txt,1,0,0
1687017555487,1,HTTP Request,200,OK,TG_1_Small_500 1-20,text,true,,286,137,30,30,http://192.168.56.101/small/test3_small.txt,1,0,0
1687017555641,0,HTTP Request,200,OK,TG_1_Small_500 1-21,text,true,,286,137,30,30,http://192.168.56.101/small/test3_small.txt,0,0,0
1687017555792,1,HTTP Request,200,OK,TG_1_Small_500 1-22,text,true,,286,137,30,30,http://192.168.56.101/small/test3_small.txt,1,0,0
1687017555944,1,HTTP Request,200,OK,TG_1_Small_500 1-23,text,true,,286,137,30,30,http://192.168.56.101/small/test3_small.txt,1,0,0
1687017555952,0,HTTP Request,200,OK,TG_1_Small_500 1-5,text,true,,287,137,30,30,http://192.168.56.101/small/test1_small.txt,0,0,0
1687017556099,0,HTTP Request,200,OK,TG_1_Small_500 1-24,text,true,,286,137,30,30,http://192.168.56.101/small/test3_small.txt,0,0,0
1687017556250,1,HTTP Request,200,OK,TG_1_Small_500 1-25,text,true,,286,137,30,30,http://192.168.56.101/small/test3_small.txt,1,0,0
1687017556404,1,HTTP Request,200,OK,TG_1_Small_500 1-26,text,true,,286,137,30,30,http://192.168.56.101/small/test3_small.txt,1,0,0
1687017556556,1,HTTP Request,200,OK,TG_1_Small_500 1-27,text,true,,286,137,30,30,http://192.168.56.101/small/test3_small.txt,1,0,0
1687017556583,1,HTTP Request,200,OK,TG_1_Small_500 1-6,text,true,,287,137,30,30,http://192.168.56.101/small/test1_small.txt,1,0,0
1687017556710,1,HTTP Request,200,OK,TG_1_Small_500 1-28,text,true,,286,137,30,30,http://192.168.56.101/small/test3_small.txt,1,0,0
1687017556864,1,HTTP Request,200,OK,TG_1_Small_500 1-29,text,true,,286,137,30,30,http://192.168.56.101/small/test3_small.txt,1,0,0
1687017557016,1,HTTP Request,200,OK,TG_1_Small_500 1-30,text,true,,286,137,30,30,http://192.168.56.101/small/test3_small.txt,1,0,0
1687017557098,0,HTTP Request,200,OK,TG_1_Small_500 1-7,text,true,,287,137,30,30,http://192.168.56.101/small/test1_small.txt,0,0,0
1687017557249,1,HTTP Request,200,OK,TG_1_Small_500 1-8,text,true,,287,137,30,30,http://192.168.56.101/small/test1_small.txt,1,0,0
1687017557402,1,HTTP Request,200,OK,TG_1_Small_500 1-9,text,true,,287,137,30,30,http://192.168.56.101/small/test1_small.txt,1,0,0
1687017557412,0,HTTP Request,200,OK,TG_1_Small_500 1-2,text,true,,286,137,30,30,http://192.168.56.101/small/test2_small.txt,0,0,0
1687017557555,0,HTTP Request,200,OK,TG_1_Small_500 1-10,text,true,,287,137,30,30,http://192.168.56.101/small/test1_small.txt,0,0,0
1687017557709,0,HTTP Request,200,OK,TG_1_Small_500 1-11,text,true,,287,137,30,30,http://192.168.56.101/small/test1_small.txt,0,0,0
1687017557863,1,HTTP Request,200,OK,TG_1_Small_500 1-12,text,true,,287,137,30,30,http://192.168.56.101/small/test1_small.txt,1,0,0
1687017558015,1,HTTP Request,200,OK,TG_1_Small_500 1-13,text,true,,287,137,30,30,http://192.168.56.101/small/test1_small.txt,1,0,0
1687017558044,1,HTTP Request,200,OK,TG_1_Small_500 1-3,text,true,,286,137,30,30,http://192.168.56.101/small/test2_small.txt,1,0,0
1687017558167,1,HTTP Request,200,OK,TG_1_Small_500 1-14,text,true,,287,137,30,30,http://192.168.56.101/small/test1_small.txt,1,0,0
1687017558321,1,HTTP Request,200,OK,TG_1_Small_500 1-15,text,true,,287,137,30,30,http://192.168.56.101/small/test1_small.txt,1,0,0
1687017558476,0,HTTP Request,200,OK,TG_1_Small_500 1-16,text,true,,287,137,30,30,http://192.168.56.101/small/test1_small.txt,0,0,0
1687017558626,1,HTTP Request,200,OK,TG_1_Small_500 1-17,text,true,,287,137,30,30,http://192.168.56.101/small/test1_small.txt,1,0,0
1687017558781,0,HTTP Request,200,OK,TG_1_Small_500 1-18,text,true,,287,137,30,30,http://192.168.56.101/small/test1_small.txt,0,0,0
1687017558799,1,HTTP Request,200,OK,TG_1_Small_500 1-4,text,true,,286,137,30,30,http://192.168.56.101/small/test2_small.txt,1,0,0
1687017558933,1,HTTP Request,200,OK,TG_1_Small_500 1-19,text,true,,287,137,30,30,http://192.168.56.101/small/test1_small.txt,1,0,0
1687017558940,0,HTTP Request,200,OK,TG_1_Small_500 1-1,text,true,,286,137,30,30,http://192.168.56.101/small/test3_small.txt,0,0,0
1687017559088,1,HTTP Request,200,OK,TG_1_Small_500 1-20,text,true,,287,137,30,30,http://192.168.56.101/small/test1_small.txt,1,0,0
1687017559240,1,HTTP Request,200,OK,TG_1_Small_500 1-21,text,true,,287,137,30,30,http://192.168.56.101/small/test1_small.txt,1,0,0
1687017559393,0,HTTP Request,200,OK,TG_1_Small_500 1-22,text,true,,287,137,30,30,http://192.168.56.101/small/test1_small.txt,0,0,0
1687017559545,1,HTTP Request,200,OK,TG_1_Small_500 1-23,text,true,,287,137,30,30,http://192.168.56.101/small/test1_small.txt,1,0,0
1687017559552,1,HTTP Request,200,OK,TG_1_Small_500 1-5,text,true,,286,137,30,30,http://192.168.56.101/small/test2_small.txt,1,0,0
1687017559699,1,HTTP Request,200,OK,TG_1_Small_500 1-24,text,true,,287,137,30,30,http://192.168.56.101/small/test1_small.txt,1,0,0
1687017559851,2,HTTP Request,200,OK,TG_1_Small_500 1-25,text,true,,287,137,30,30,http://192.168.56.101/small/test1_small.txt,2,0,0
1687017560005,1,HTTP Request,200,OK,TG_1_Small_500 1-26,text,true,,287,137,30,30,http://192.168.56.101/small/test1_small.txt,1,0,0
1687017560158,1,HTTP Request,200,OK,TG_1_Small_500 1-27,text,true,,287,137,30,30,http://192.168.56.101/small/test1_small.txt,0,0,0
1687017560184,1,HTTP Request,200,OK,TG_1_Small_500 1-6,text,true,,286,137,30,30,http://192.168.56.101/small/test2_small.txt,1,0,0
1687017560312,0,HTTP Request,200,OK,TG_1_Small_500 1-28,text,true,,287,137,30,30,http://192.168.56.101/small/test1_small.txt,0,0,0
1687017560465,1,HTTP Request,200,OK,TG_1_Small_500 1-29,text,true,,287,137,30,30,http://192.168.56.101/small/test1_small.txt,1,0,0
1687017560617,1,HTTP Request,200,OK,TG_1_Small_500 1-30,text,true,,287,137,30,30,http://192.168.56.101/small/test1_small.txt,1,0,0
1687017560698,0,HTTP Request,200,OK,TG_1_Small_500 1-7,text,true,,286,137,30,30,http://192.168.56.101/small/test2_small.txt,0,0,0
1687017560850,1,HTTP Request,200,OK,TG_1_Small_500 1-8,text,true,,286,137,30,30,http://192.168.56.101/small/test2_small.txt,1,0,0
1687017561004,1,HTTP Request,200,OK,TG_1_Small_500 1-9,text,true,,286,137,30,30,http://192.168.56.101/small/test2_small.txt,1,0,0
1687017561012,0,HTTP Request,200,OK,TG_1_Small_500 1-2,text,true,,286,137,30,30,http://192.168.56.101/small/test3_small.txt,0,0,0
1687017561157,0,HTTP Request,200,OK,TG_1_Small_500 1-10,text,true,,286,137,30,30,http://192.168.56.101/small/test2_small.txt,0,0,0
1687017561310,1,HTTP Request,200,OK,TG_1_Small_500 1-11,text,true,,286,137,30,30,http://192.168.56.101/small/test2_small.txt,1,0,0
1687017561465,0,HTTP Request,200,OK,TG_1_Small_500 1-12,text,true,,286,137,30,30,http://192.168.56.101/small/test2_small.txt,0,0,0
1687017561615,1,HTTP Request,200,OK,TG_1_Small_500 1-13,text,true,,286,137,30,30,http://192.168.56.101/small/test2_small.txt,1,0,0
1687017561645,1,HTTP Request,200,OK,TG_1_Small_500 1-3,text,true,,286,137,30,30,http://192.168.56.101/small/test3_small.txt,1,0,0
1687017561768,1,HTTP Request,200,OK,TG_1_Small_500 1-14,text,true,,286,137,30,30,http://192.168.56.101/small/test2_small.txt,1,0,0
1687017561922,0,HTTP Request,200,OK,TG_1_Small_500 1-15,text,true,,286,137,30,30,http://192.168.56.101/small/test2_small.txt,0,0,0
1687017562075,1,HTTP Request,200,OK,TG_1_Small_500 1-16,text,true,,286,137,30,30,http://192.168.56.101/small/test2_small.txt,1,0,0
1687017562227,0,HTTP Request,200,OK,TG_1_Small_500 1-17,text,true,,286,137,30,30,http://192.168.56.101/small/test2_small.txt,0,0,0
1687017562380,1,HTTP Request,200,OK,TG_1_Small_500 1-18,text,true,,286,137,30,30,http://192.168.56.101/small/test2_small.txt,1,0,0
1687017562399,0,HTTP Request,200,OK,TG_1_Small_500 1-4,text,true,,286,137,30,30,http://192.168.56.101/small/test3_small.txt,0,0,0
1687017562534,1,HTTP Request,200,OK,TG_1_Small_500 1-19,text,true,,286,137,30,30,http://192.168.56.101/small/test2_small.txt,1,0,0
1687017562540,1,HTTP Request,200,OK,TG_1_Small_500 1-1,text,true,,287,137,30,30,http://192.168.56.101/small/test1_small.txt,1,0,0
1687017562688,1,HTTP Request,200,OK,TG_1_Small_500 1-20,text,true,,286,137,30,30,http://192.168.56.101/small/test2_small.txt,1,0,0
1687017562841,0,HTTP Request,200,OK,TG_1_Small_500 1-21,text,true,,286,137,30,30,http://192.168.56.101/small/test2_small.txt,0,0,0
1687017562993,1,HTTP Request,200,OK,TG_1_Small_500 1-22,text,true,,286,137,30,30,http://192.168.56.101/small/test2_small.txt,1,0,0
1687017563145,1,HTTP Request,200,OK,TG_1_Small_500 1-23,text,true,,286,137,30,30,http://192.168.56.101/small/test2_small.txt,1,0,0
1687017563152,1,HTTP Request,200,OK,TG_1_Small_500 1-5,text,true,,286,137,30,30,http://192.168.56.101/small/test3_small.txt,1,0,0
1687017563298,1,HTTP Request,200,OK,TG_1_Small_500 1-24,text,true,,286,137,30,30,http://192.168.56.101/small/test2_small.txt,1,0,0
1687017563450,1,HTTP Request,200,OK,TG_1_Small_500 1-25,text,true,,286,137,30,30,http://192.168.56.101/small/test2_small.txt,1,0,0
1687017563605,0,HTTP Request,200,OK,TG_1_Small_500 1-26,text,true,,286,137,30,30,http://192.168.56.101/small/test2_small.txt,0,0,0
1687017563756,1,HTTP Request,200,OK,TG_1_Small_500 1-27,text,true,,286,137,30,30,http://192.168.56.101/small/test2_small.txt,1,0,0
1687017563783,1,HTTP Request,200,OK,TG_1_Small_500 1-6,text,true,,286,137,30,30,http://192.168.56.101/small/test3_small.txt,1,0,0
1687017563910,1,HTTP Request,200,OK,TG_1_Small_500 1-28,text,true,,286,137,30,30,http://192.168.56.101/small/test2_small.txt,1,0,0
1687017564065,1,HTTP Request,200,OK,TG_1_Small_500 1-29,text,true,,286,137,30,30,http://192.168.56.101/small/test2_small.txt,1,0,0
1687017564217,1,HTTP Request,200,OK,TG_1_Small_500 1-30,text,true,,286,137,30,30,http://192.168.56.101/small/test2_small.txt,1,0,0
1687017564297,1,HTTP Request,200,OK,TG_1_Small_500 1-7,text,true,,286,137,30,30,http://192.168.56.101/small/test3_small.txt,1,0,0
1687017564450,1,HTTP Request,200,OK,TG_1_Small_500 1-8,text,true,,286,137,30,30,http://192.168.56.101/small/test3_small.txt,1,0,0
1687017564604,1,HTTP Request,200,OK,TG_1_Small_500 1-9,text,true,,286,137,30,30,http://192.168.56.101/small/test3_small.txt,1,0,0
1687017564611,1,HTTP Request,200,OK,TG_1_Small_500 1-2,text,true,,287,137,30,30,http://192.168.56.101/small/test1_small.txt,1,0,0
1687017564755,1,HTTP Request,200,OK,TG_1_Small_500 1-10,text,true,,286,137,30,30,http://192.168.56.101/small/test3_small.txt,1,0,0
1687017564909,0,HTTP Request,200,OK,TG_1_Small_500 1-11,text,true,,286,137,30,30,http://192.168.56.101/small/test3_small.txt,0,0,0
1687017565063,1,HTTP Request,200,OK,TG_1_Small_500 1-12,text,true,,286,137,30,30,http://192.168.56.101/small/test3_small.txt,1,0,0
1687017565214,1,HTTP Request,200,OK,TG_1_Small_500 1-13,text,true,,286,137,30,30,http://192.168.56.101/small/test3_small.txt,1,0,0
1687017565244,0,HTTP Request,200,OK,TG_1_Small_500 1-3,text,true,,287,137,30,30,http://192.168.56.101/small/test1_small.txt,0,0,0
1687017565367,1,HTTP Request,200,OK,TG_1_Small_500 1-14,text,true,,286,137,30,30,http://192.168.56.101/small/test3_small.txt,1,0,0
1687017565520,1,HTTP Request,200,OK,TG_1_Small_500 1-15,text,true,,286,137,30,30,http://192.168.56.101/small/test3_small.txt,1,0,0
1687017565674,1,HTTP Request,200,OK,TG_1_Small_500 1-16,text,true,,286,137,30,30,http://192.168.56.101/small/test3_small.txt,1,0,0
1687017565826,1,HTTP Request,200,OK,TG_1_Small_500 1-17,text,true,,286,137,30,30,http://192.168.56.101/small/test3_small.txt,1,0,0
1687017565980,0,HTTP Request,200,OK,TG_1_Small_500 1-18,text,true,,286,137,30,30,http://192.168.56.101/small/test3_small.txt,0,0,0
1687017565998,1,HTTP Request,200,OK,TG_1_Small_500 1-4,text,true,,287,137,30,30,http://192.168.56.101/small/test1_small.txt,1,0,0
1687017566132,0,HTTP Request,200,OK,TG_1_Small_500 1-19,text,true,,286,137,30,30,http://192.168.56.101/small/test3_small.txt,0,0,0
1687017566139,1,HTTP Request,200,OK,TG_1_Small_500 1-1,text,true,,286,137,30,30,http://192.168.56.101/small/test2_small.txt,1,0,0
1687017566288,1,HTTP Request,200,OK,TG_1_Small_500 1-20,text,true,,286,137,30,30,http://192.168.56.101/small/test3_small.txt,1,0,0
1687017566439,0,HTTP Request,200,OK,TG_1_Small_500 1-21,text,true,,286,137,30,30,http://192.168.56.101/small/test3_small.txt,0,0,0
1687017566592,1,HTTP Request,200,OK,TG_1_Small_500 1-22,text,true,,286,137,30,30,http://192.168.56.101/small/test3_small.txt,1,0,0
1687017566744,1,HTTP Request,200,OK,TG_1_Small_500 1-23,text,true,,286,137,30,30,http://192.168.56.101/small/test3_small.txt,1,0,0
1687017566751,1,HTTP Request,200,OK,TG_1_Small_500 1-5,text,true,,287,137,30,30,http://192.168.56.101/small/test1_small.txt,1,0,0
1687017566898,1,HTTP Request,200,OK,TG_1_Small_500 1-24,text,true,,286,137,30,30,http://192.168.56.101/small/test3_small.txt,1,0,0
1687017567050,1,HTTP Request,200,OK,TG_1_Small_500 1-25,text,true,,286,137,30,30,http://192.168.56.101/small/test3_small.txt,1,0,0
1687017567204,1,HTTP Request,200,OK,TG_1_Small_500 1-26,text,true,,286,137,30,30,http://192.168.56.101/small/test3_small.txt,1,0,0
1687017567357,0,HTTP Request,200,OK,TG_1_Small_500 1-27,text,true,,286,137,30,30,http://192.168.56.101/small/test3_small.txt,0,0,0
1687017567384,1,HTTP Request,200,OK,TG_1_Small_500 1-6,text,true,,287,137,30,30,http://192.168.56.101/small/test1_small.txt,1,0,0
1687017567511,0,HTTP Request,200,OK,TG_1_Small_500 1-28,text,true,,286,137,30,30,http://192.168.56.101/small/test3_small.txt,0,0,0
1687017567664,1,HTTP Request,200,OK,TG_1_Small_500 1-29,text,true,,286,137,30,30,http://192.168.56.101/small/test3_small.txt,1,0,0
1687017567816,1,HTTP Request,200,OK,TG_1_Small_500 1-30,text,true,,286,137,30,30,http://192.168.56.101/small/test3_small.txt,1,0,0
1687017567897,0,HTTP Request,200,OK,TG_1_Small_500 1-7,text,true,,287,137,30,30,http://192.168.56.101/small/test1_small.txt,0,0,0
1687017568050,1,HTTP Request,200,OK,TG_1_Small_500 1-8,text,true,,287,137,30,30,http://192.168.56.101/small/test1_small.txt,1,0,0
1687017568203,1,HTTP Request,200,OK,TG_1_Small_500 1-9,text,true,,287,137,30,30,http://192.168.56.101/small/test1_small.txt,1,0,0
1687017568211,0,HTTP Request,200,OK,TG_1_Small_500 1-2,text,true,,286,137,30,30,http://192.168.56.101/small/test2_small.txt,0,0,0
1687017568355,1,HTTP Request,200,OK,TG_1_Small_500 1-10,text,true,,287,137,30,30,http://192.168.56.101/small/test1_small.txt,1,0,0
1687017568509,1,HTTP Request,200,OK,TG_1_Small_500 1-11,text,true,,287,137,30,30,http://192.168.56.101/small/test1_small.txt,1,0,0
1687017568663,1,HTTP Request,200,OK,TG_1_Small_500 1-12,text,true,,287,137,30,30,http://192.168.56.101/small/test1_small.txt,1,0,0
1687017568814,1,HTTP Request,200,OK,TG_1_Small_500 1-13,text,true,,287,137,30,30,http://192.168.56.101/small/test1_small.txt,1,0,0
1687017568844,1,HTTP Request,200,OK,TG_1_Small_500 1-3,text,true,,286,137,30,30,http://192.168.56.101/small/test2_small.txt,1,0,0
1687017568968,1,HTTP Request,200,OK,TG_1_Small_500 1-14,text,true,,287,137,30,30,http://192.168.56.101/small/test1_small.txt,1,0,0
1687017569120,1,HTTP Request,200,OK,TG_1_Small_500 1-15,text,true,,287,137,30,30,http://192.168.56.101/small/test1_small.txt,1,0,0
1687017569274,1,HTTP Request,200,OK,TG_1_Small_500 1-16,text,true,,287,137,30,30,http://192.168.56.101/small/test1_small.txt,1,0,0
1687017569427,1,HTTP Request,200,OK,TG_1_Small_500 1-17,text,true,,287,137,30,30,http://192.168.56.101/small/test1_small.txt,1,0,0
1687017569579,1,HTTP Request,200,OK,TG_1_Small_500 1-18,text,true,,287,137,30,30,http://192.168.56.101/small/test1_small.txt,1,0,0
1687017569599,1,HTTP Request,200,OK,TG_1_Small_500 1-4,text,true,,286,137,30,30,http://192.168.56.101/small/test2_small.txt,1,0,0
1687017569732,1,HTTP Request,200,OK,TG_1_Small_500 1-19,text,true,,287,137,30,30,http://192.168.56.101/small/test1_small.txt,1,0,0
1687017569739,1,HTTP Request,200,OK,TG_1_Small_500 1-1,text,true,,286,137,30,30,http://192.168.56.101/small/test3_small.txt,1,0,0
1687017569888,0,HTTP Request,200,OK,TG_1_Small_500 1-20,text,true,,287,137,30,30,http://192.168.56.101/small/test1_small.txt,0,0,0
1687017570040,0,HTTP Request,200,OK,TG_1_Small_500 1-21,text,true,,287,137,30,30,http://192.168.56.101/small/test1_small.txt,0,0,0
1687017570192,1,HTTP Request,200,OK,TG_1_Small_500 1-22,text,true,,287,137,30,30,http://192.168.56.101/small/test1_small.txt,1,0,0
1687017570345,0,HTTP Request,200,OK,TG_1_Small_500 1-23,text,true,,287,137,30,30,http://192.168.56.101/small/test1_small.txt,0,0,0
1687017570351,1,HTTP Request,200,OK,TG_1_Small_500 1-5,text,true,,286,137,30,30,http://192.168.56.101/small/test2_small.txt,1,0,0
1687017570499,1,HTTP Request,200,OK,TG_1_Small_500 1-24,text,true,,287,137,30,30,http://192.168.56.101/small/test1_small.txt,1,0,0
1687017570650,1,HTTP Request,200,OK,TG_1_Small_500 1-25,text,true,,287,137,30,30,http://192.168.56.101/small/test1_small.txt,1,0,0
1687017570805,1,HTTP Request,200,OK,TG_1_Small_500 1-26,text,true,,287,137,30,30,http://192.168.56.101/small/test1_small.txt,1,0,0
1687017570956,1,HTTP Request,200,OK,TG_1_Small_500 1-27,text,true,,287,137,30,30,http://192.168.56.101/small/test1_small.txt,1,0,0
1687017570984,0,HTTP Request,200,OK,TG_1_Small_500 1-6,text,true,,286,137,30,30,http://192.168.56.101/small/test2_small.txt,0,0,0
1687017571110,1,HTTP Request,200,OK,TG_1_Small_500 1-28,text,true,,287,137,30,30,http://192.168.56.101/small/test1_small.txt,1,0,0
1687017571265,0,HTTP Request,200,OK,TG_1_Small_500 1-29,text,true,,287,137,30,30,http://192.168.56.101/small/test1_small.txt,0,0,0
1687017571417,0,HTTP Request,200,OK,TG_1_Small_500 1-30,text,true,,287,137,30,30,http://192.168.56.101/small/test1_small.txt,0,0,0
1687017571497,1,HTTP Request,200,OK,TG_1_Small_500 1-7,text,true,,286,137,30,30,http://192.168.56.101/small/test2_small.txt,1,0,0
1687017571650,1,HTTP Request,200,OK,TG_1_Small_500 1-8,text,true,,286,137,30,30,http://192.168.56.101/small/test2_small.txt,1,0,0
1687017571804,0,HTTP Request,200,OK,TG_1_Small_500 1-9,text,true,,286,137,30,30,http://192.168.56.101/small/test2_small.txt,0,0,0
1687017571811,1,HTTP Request,200,OK,TG_1_Small_500 1-2,text,true,,286,137,30,30,http://192.168.56.101/small/test3_small.txt,1,0,0
1687017571956,1,HTTP Request,200,OK,TG_1_Small_500 1-10,text,true,,286,137,30,30,http://192.168.56.101/small/test2_small.txt,1,0,0
1687017572109,1,HTTP Request,200,OK,TG_1_Small_500 1-11,text,true,,286,137,30,30,http://192.168.56.101/small/test2_small.txt,1,0,0
1687017572263,0,HTTP Request,200,OK,TG_1_Small_500 1-12,text,true,,286,137,30,30,http://192.168.56.101/small/test2_small.txt,0,0,0
1687017572415,1,HTTP Request,200,OK,TG_1_Small_500 1-13,text,true,,286,137,30,30,http://192.168.56.101/small/test2_small.txt,1,0,0
1687017572444,1,HTTP Request,200,OK,TG_1_Small_500 1-3,text,true,,286,137,30,30,http://192.168.56.101/small/test3_small.txt,1,0,0
1687017572567,1,HTTP Request,200,OK,TG_1_Small_500 1-14,text,true,,286,137,30,30,http://192.168.56.101/small/test2_small.txt,1,0,0
1687017572720,1,HTTP Request,200,OK,TG_1_Small_500 1-15,text,true,,286,137,30,30,http://192.168.56.101/small/test2_small.txt,1,0,0
1687017572874,1,HTTP Request,200,OK,TG_1_Small_500 1-16,text,true,,286,137,30,30,http://192.168.56.101/small/test2_small.txt,1,0,0
1687017573026,1,HTTP Request,200,OK,TG_1_Small_500 1-17,text,true,,286,137,30,30,http://192.168.56.101/small/test2_small.txt,1,0,0
1687017573179,1,HTTP Request,200,OK,TG_1_Small_500 1-18,text,true,,286,137,30,30,http://192.168.56.101/small/test2_small.txt,1,0,0
1687017573198,1,HTTP Request,200,OK,TG_1_Small_500 1-4,text,true,,286,137,30,30,http://192.168.56.101/small/test3_small.txt,1,0,0
1687017573334,0,HTTP Request,200,OK,TG_1_Small_500 1-19,text,true,,286,137,30,30,http://192.168.56.101/small/test2_small.txt,0,0,0
1687017573341,0,HTTP Request,200,OK,TG_1_Small_500 1-1,text,true,,287,137,30,30,http://192.168.56.101/small/test1_small.txt,0,0,0
1687017573488,1,HTTP Request,200,OK,TG_1_Small_500 1-20,text,true,,286,137,30,30,http://192.168.56.101/small/test2_small.txt,1,0,0
1687017573640,1,HTTP Request,200,OK,TG_1_Small_500 1-21,text,true,,286,137,30,30,http://192.168.56.101/small/test2_small.txt,1,0,0
1687017573794,0,HTTP Request,200,OK,TG_1_Small_500 1-22,text,true,,286,137,30,30,http://192.168.56.101/small/test2_small.txt,0,0,0
1687017573945,0,HTTP Request,200,OK,TG_1_Small_500 1-23,text,true,,286,137,30,30,http://192.168.56.101/small/test2_small.txt,0,0,0
1687017573952,1,HTTP Request,200,OK,TG_1_Small_500 1-5,text,true,,286,137,30,30,http://192.168.56.101/small/test3_small.txt,1,0,0
1687017574099,1,HTTP Request,200,OK,TG_1_Small_500 1-24,text,true,,286,137,30,30,http://192.168.56.101/small/test2_small.txt,1,0,0
1687017574251,1,HTTP Request,200,OK,TG_1_Small_500 1-25,text,true,,286,137,30,30,http://192.168.56.101/small/test2_small.txt,1,0,0
1687017574405,1,HTTP Request,200,OK,TG_1_Small_500 1-26,text,true,,286,137,30,30,http://192.168.56.101/small/test2_small.txt,1,0,0
1687017574557,1,HTTP Request,200,OK,TG_1_Small_500 1-27,text,true,,286,137,30,30,http://192.168.56.101/small/test2_small.txt,1,0,0
1687017574584,1,HTTP Request,200,OK,TG_1_Small_500 1-6,text,true,,286,137,30,30,http://192.168.56.101/small/test3_small.txt,1,0,0
1687017574712,1,HTTP Request,200,OK,TG_1_Small_500 1-28,text,true,,286,137,30,30,http://192.168.56.101/small/test2_small.txt,0,0,0
1687017574865,1,HTTP Request,200,OK,TG_1_Small_500 1-29,text,true,,286,137,30,30,http://192.168.56.101/small/test2_small.txt,1,0,0
1687017575017,1,HTTP Request,200,OK,TG_1_Small_500 1-30,text,true,,286,137,30,30,http://192.168.56.101/small/test2_small.txt,1,0,0
1687017575099,1,HTTP Request,200,OK,TG_1_Small_500 1-7,text,true,,286,137,30,30,http://192.168.56.101/small/test3_small.txt,1,0,0
1687017575251,1,HTTP Request,200,OK,TG_1_Small_500 1-8,text,true,,286,137,30,30,http://192.168.56.101/small/test3_small.txt,1,0,0
1687017575404,1,HTTP Request,200,OK,TG_1_Small_500 1-9,text,true,,286,137,30,30,http://192.168.56.101/small/test3_small.txt,1,0,0
1687017575412,1,HTTP Request,200,OK,TG_1_Small_500 1-2,text,true,,287,137,30,30,http://192.168.56.101/small/test1_small.txt,1,0,0
1687017575557,1,HTTP Request,200,OK,TG_1_Small_500 1-10,text,true,,286,137,30,30,http://192.168.56.101/small/test3_small.txt,1,0,0
1687017575710,0,HTTP Request,200,OK,TG_1_Small_500 1-11,text,true,,286,137,30,30,http://192.168.56.101/small/test3_small.txt,0,0,0
1687017575864,1,HTTP Request,200,OK,TG_1_Small_500 1-12,text,true,,286,137,30,30,http://192.168.56.101/small/test3_small.txt,1,0,0
1687017576016,1,HTTP Request,200,OK,TG_1_Small_500 1-13,text,true,,286,137,30,30,http://192.168.56.101/small/test3_small.txt,1,0,0
1687017576045,1,HTTP Request,200,OK,TG_1_Small_500 1-3,text,true,,287,137,30,30,http://192.168.56.101/small/test1_small.txt,1,0,0
1687017576169,1,HTTP Request,200,OK,TG_1_Small_500 1-14,text,true,,286,137,30,30,http://192.168.56.101/small/test3_small.txt,1,0,0
1687017576322,1,HTTP Request,200,OK,TG_1_Small_500 1-15,text,true,,286,137,30,30,http://192.168.56.101/small/test3_small.txt,1,0,0
1687017576475,1,HTTP Request,200,OK,TG_1_Small_500 1-16,text,true,,286,137,30,30,http://192.168.56.101/small/test3_small.txt,1,0,0
1687017576627,2,HTTP Request,200,OK,TG_1_Small_500 1-17,text,true,,286,137,30,30,http://192.168.56.101/small/test3_small.txt,2,0,0
1687017576781,2,HTTP Request,200,OK,TG_1_Small_500 1-18,text,true,,286,137,30,30,http://192.168.56.101/small/test3_small.txt,2,0,0
1687017576799,2,HTTP Request,200,OK,TG_1_Small_500 1-4,text,true,,287,137,30,30,http://192.168.56.101/small/test1_small.txt,2,0,0
1687017576933,1,HTTP Request,200,OK,TG_1_Small_500 1-19,text,true,,286,137,30,30,http://192.168.56.101/small/test3_small.txt,1,0,0
1687017576940,0,HTTP Request,200,OK,TG_1_Small_500 1-1,text,true,,286,137,30,30,http://192.168.56.101/small/test2_small.txt,0,0,0
1687017577088,1,HTTP Request,200,OK,TG_1_Small_500 1-20,text,true,,286,137,30,30,http://192.168.56.101/small/test3_small.txt,1,0,0
1687017577240,1,HTTP Request,200,OK,TG_1_Small_500 1-21,text,true,,286,137,30,30,http://192.168.56.101/small/test3_small.txt,1,0,0
1687017577393,1,HTTP Request,200,OK,TG_1_Small_500 1-22,text,true,,286,137,30,30,http://192.168.56.101/small/test3_small.txt,1,0,0
1687017577545,2,HTTP Request,200,OK,TG_1_Small_500 1-23,text,true,,286,137,30,30,http://192.168.56.101/small/test3_small.txt,2,0,0
1687017577552,1,HTTP Request,200,OK,TG_1_Small_500 1-5,text,true,,287,137,30,30,http://192.168.56.101/small/test1_small.txt,1,0,0
1687017577699,1,HTTP Request,200,OK,TG_1_Small_500 1-24,text,true,,286,137,30,30,http://192.168.56.101/small/test3_small.txt,1,0,0
1687017577851,1,HTTP Request,200,OK,TG_1_Small_500 1-25,text,true,,286,137,30,30,http://192.168.56.101/small/test3_small.txt,1,0,0
1687017578005,1,HTTP Request,200,OK,TG_1_Small_500 1-26,text,true,,286,137,30,30,http://192.168.56.101/small/test3_small.txt,1,0,0
1687017578157,1,HTTP Request,200,OK,TG_1_Small_500 1-27,text,true,,286,137,30,30,http://192.168.56.101/small/test3_small.txt,1,0,0
1687017578184,1,HTTP Request,200,OK,TG_1_Small_500 1-6,text,true,,287,137,30,30,http://192.168.56.101/small/test1_small.txt,1,0,0
1687017578312,1,HTTP Request,200,OK,TG_1_Small_500 1-28,text,true,,286,137,30,30,http://192.168.56.101/small/test3_small.txt,1,0,0
1687017578465,1,HTTP Request,200,OK,TG_1_Small_500 1-29,text,true,,286,137,30,30,http://192.168.56.101/small/test3_small.txt,1,0,0
1687017578617,1,HTTP Request,200,OK,TG_1_Small_500 1-30,text,true,,286,137,30,30,http://192.168.56.101/small/test3_small.txt,1,0,0
1687017578699,2,HTTP Request,200,OK,TG_1_Small_500 1-7,text,true,,287,137,30,30,http://192.168.56.101/small/test1_small.txt,2,0,0
1687017578850,1,HTTP Request,200,OK,TG_1_Small_500 1-8,text,true,,287,137,30,30,http://192.168.56.101/small/test1_small.txt,1,0,0
1687017579004,1,HTTP Request,200,OK,TG_1_Small_500 1-9,text,true,,287,137,30,30,http://192.168.56.101/small/test1_small.txt,1,0,0
1687017579013,1,HTTP Request,200,OK,TG_1_Small_500 1-2,text,true,,286,137,30,30,http://192.168.56.101/small/test2_small.txt,1,0,0
1687017579158,0,HTTP Request,200,OK,TG_1_Small_500 1-10,text,true,,287,137,30,30,http://192.168.56.101/small/test1_small.txt,0,0,0
1687017579310,0,HTTP Request,200,OK,TG_1_Small_500 1-11,text,true,,287,137,30,30,http://192.168.56.101/small/test1_small.txt,0,0,0
1687017579464,2,HTTP Request,200,OK,TG_1_Small_500 1-12,text,true,,287,137,30,30,http://192.168.56.101/small/test1_small.txt,2,0,0
1687017579615,1,HTTP Request,200,OK,TG_1_Small_500 1-13,text,true,,287,137,30,30,http://192.168.56.101/small/test1_small.txt,1,0,0
1687017579645,1,HTTP Request,200,OK,TG_1_Small_500 1-3,text,true,,286,137,30,30,http://192.168.56.101/small/test2_small.txt,1,0,0
1687017579768,1,HTTP Request,200,OK,TG_1_Small_500 1-14,text,true,,287,137,30,30,http://192.168.56.101/small/test1_small.txt,1,0,0
1687017579922,0,HTTP Request,200,OK,TG_1_Small_500 1-15,text,true,,287,137,30,30,http://192.168.56.101/small/test1_small.txt,0,0,0
1687017580076,1,HTTP Request,200,OK,TG_1_Small_500 1-16,text,true,,287,137,30,30,http://192.168.56.101/small/test1_small.txt,1,0,0
1687017580227,1,HTTP Request,200,OK,TG_1_Small_500 1-17,text,true,,287,137,30,30,http://192.168.56.101/small/test1_small.txt,1,0,0
1687017580381,0,HTTP Request,200,OK,TG_1_Small_500 1-18,text,true,,287,137,30,30,http://192.168.56.101/small/test1_small.txt,0,0,0
1687017580399,1,HTTP Request,200,OK,TG_1_Small_500 1-4,text,true,,286,137,30,30,http://192.168.56.101/small/test2_small.txt,1,0,0
1687017580533,1,HTTP Request,200,OK,TG_1_Small_500 1-19,text,true,,287,137,30,30,http://192.168.56.101/small/test1_small.txt,1,0,0
1687017580540,1,HTTP Request,200,OK,TG_1_Small_500 1-1,text,true,,286,137,30,30,http://192.168.56.101/small/test3_small.txt,1,0,0
1687017580688,1,HTTP Request,200,OK,TG_1_Small_500 1-20,text,true,,287,137,30,30,http://192.168.56.101/small/test1_small.txt,1,0,0
1687017580840,0,HTTP Request,200,OK,TG_1_Small_500 1-21,text,true,,287,137,30,30,http://192.168.56.101/small/test1_small.txt,0,0,0
1687017580993,1,HTTP Request,200,OK,TG_1_Small_500 1-22,text,true,,287,137,30,30,http://192.168.56.101/small/test1_small.txt,1,0,0
1687017581145,1,HTTP Request,200,OK,TG_1_Small_500 1-23,text,true,,287,137,30,30,http://192.168.56.101/small/test1_small.txt,1,0,0
1687017581152,1,HTTP Request,200,OK,TG_1_Small_500 1-5,text,true,,286,137,30,30,http://192.168.56.101/small/test2_small.txt,1,0,0
1687017581299,1,HTTP Request,200,OK,TG_1_Small_500 1-24,text,true,,287,137,30,30,http://192.168.56.101/small/test1_small.txt,1,0,0
1687017581451,1,HTTP Request,200,OK,TG_1_Small_500 1-25,text,true,,287,137,30,30,http://192.168.56.101/small/test1_small.txt,1,0,0
1687017581605,1,HTTP Request,200,OK,TG_1_Small_500 1-26,text,true,,287,137,30,30,http://192.168.56.101/small/test1_small.txt,1,0,0
1687017581757,1,HTTP Request,200,OK,TG_1_Small_500 1-27,text,true,,287,137,30,30,http://192.168.56.101/small/test1_small.txt,1,0,0
1687017581785,0,HTTP Request,200,OK,TG_1_Small_500 1-6,text,true,,286,137,30,30,http://192.168.56.101/small/test2_small.txt,0,0,0
1687017581911,1,HTTP Request,200,OK,TG_1_Small_500 1-28,text,true,,287,137,30,30,http://192.168.56.101/small/test1_small.txt,1,0,0
1687017582066,1,HTTP Request,200,OK,TG_1_Small_500 1-29,text,true,,287,137,30,30,http://192.168.56.101/small/test1_small.txt,1,0,0
1687017582218,0,HTTP Request,200,OK,TG_1_Small_500 1-30,text,true,,287,137,30,30,http://192.168.56.101/small/test1_small.txt,0,0,0
1687017582298,0,HTTP Request,200,OK,TG_1_Small_500 1-7,text,true,,286,137,30,30,http://192.168.56.101/small/test2_small.txt,0,0,0
1687017582450,1,HTTP Request,200,OK,TG_1_Small_500 1-8,text,true,,286,137,30,30,http://192.168.56.101/small/test2_small.txt,1,0,0
1687017582604,1,HTTP Request,200,OK,TG_1_Small_500 1-9,text,true,,286,137,30,30,http://192.168.56.101/small/test2_small.txt,1,0,0
1687017582612,1,HTTP Request,200,OK,TG_1_Small_500 1-2,text,true,,286,137,30,30,http://192.168.56.101/small/test3_small.txt,1,0,0
1687017582756,1,HTTP Request,200,OK,TG_1_Small_500 1-10,text,true,,286,137,30,30,http://192.168.56.101/small/test2_small.txt,1,0,0
1687017582911,0,HTTP Request,200,OK,TG_1_Small_500 1-11,text,true,,286,137,30,30,http://192.168.56.101/small/test2_small.txt,0,0,0
1687017583065,1,HTTP Request,200,OK,TG_1_Small_500 1-12,text,true,,286,137,30,30,http://192.168.56.101/small/test2_small.txt,1,0,0
1687017583215,1,HTTP Request,200,OK,TG_1_Small_500 1-13,text,true,,286,137,30,30,http://192.168.56.101/small/test2_small.txt,1,0,0
1687017583245,0,HTTP Request,200,OK,TG_1_Small_500 1-3,text,true,,286,137,30,30,http://192.168.56.101/small/test3_small.txt,0,0,0
1687017583367,2,HTTP Request,200,OK,TG_1_Small_500 1-14,text,true,,286,137,30,30,http://192.168.56.101/small/test2_small.txt,2,0,0
1687017586844,1,HTTP Request,200,OK,TG_1_Small_500 1-3,text,true,,287,137,30,30,http://192.168.56.101/small/test1_small.txt,1,0,0
1687017586815,0,HTTP Request,200,OK,TG_1_Small_500 1-13,text,true,,286,137,30,30,http://192.168.56.101/small/test3_small.txt,0,0,0
1687017586664,1,HTTP Request,200,OK,TG_1_Small_500 1-12,text,true,,286,137,30,30,http://192.168.56.101/small/test3_small.txt,1,0,0
1687017586509,1,HTTP Request,200,OK,TG_1_Small_500 1-11,text,true,,286,137,30,30,http://192.168.56.101/small/test3_small.txt,1,0,0
1687017586355,1,HTTP Request,200,OK,TG_1_Small_500 1-10,text,true,,286,137,30,30,http://192.168.56.101/small/test3_small.txt,1,0,0
1687017586211,1,HTTP Request,200,OK,TG_1_Small_500 1-2,text,true,,287,137,30,30,http://192.168.56.101/small/test1_small.txt,1,0,0
1687017586203,1,HTTP Request,200,OK,TG_1_Small_500 1-9,text,true,,286,137,30,30,http://192.168.56.101/small/test3_small.txt,1,0,0
1687017586049,1,HTTP Request,200,OK,TG_1_Small_500 1-8,text,true,,286,137,30,30,http://192.168.56.101/small/test3_small.txt,1,0,0
1687017585897,0,HTTP Request,200,OK,TG_1_Small_500 1-7,text,true,,286,137,30,30,http://192.168.56.101/small/test3_small.txt,0,0,0
1687017585816,1,HTTP Request,200,OK,TG_1_Small_500 1-30,text,true,,286,137,30,30,http://192.168.56.101/small/test2_small.txt,1,0,0
1687017585664,1,HTTP Request,200,OK,TG_1_Small_500 1-29,text,true,,286,137,30,30,http://192.168.56.101/small/test2_small.txt,1,0,0
1687017585511,2,HTTP Request,200,OK,TG_1_Small_500 1-28,text,true,,286,137,30,30,http://192.168.56.101/small/test2_small.txt,2,0,0
1687017585383,0,HTTP Request,200,OK,TG_1_Small_500 1-6,text,true,,286,137,30,30,http://192.168.56.101/small/test3_small.txt,0,0,0
1687017585356,1,HTTP Request,200,OK,TG_1_Small_500 1-27,text,true,,286,137,30,30,http://192.168.56.101/small/test2_small.txt,1,0,0
1687017585204,1,HTTP Request,200,OK,TG_1_Small_500 1-26,text,true,,286,137,30,30,http://192.168.56.101/small/test2_small.txt,1,0,0
1687017585050,1,HTTP Request,200,OK,TG_1_Small_500 1-25,text,true,,286,137,30,30,http://192.168.56.101/small/test2_small.txt,1,0,0
1687017584898,1,HTTP Request,200,OK,TG_1_Small_500 1-24,text,true,,286,137,30,30,http://192.168.56.101/small/test2_small.txt,1,0,0
1687017584751,1,HTTP Request,200,OK,TG_1_Small_500 1-5,text,true,,286,137,30,30,http://192.168.56.101/small/test3_small.txt,1,0,0
1687017584743,1,HTTP Request,200,OK,TG_1_Small_500 1-23,text,true,,286,137,30,30,http://192.168.56.101/small/test2_small.txt,1,0,0
1687017584592,2,HTTP Request,200,OK,TG_1_Small_500 1-22,text,true,,286,137,30,30,http://192.168.56.101/small/test2_small.txt,2,0,0
1687017584439,1,HTTP Request,200,OK,TG_1_Small_500 1-21,text,true,,286,137,30,30,http://192.168.56.101/small/test2_small.txt,1,0,0
1687017584287,0,HTTP Request,200,OK,TG_1_Small_500 1-20,text,true,,286,137,30,30,http://192.168.56.101/small/test2_small.txt,0,0,0
1687017584139,1,HTTP Request,200,OK,TG_1_Small_500 1-1,text,true,,287,137,30,30,http://192.168.56.101/small/test1_small.txt,1,0,0
1687017584132,1,HTTP Request,200,OK,TG_1_Small_500 1-19,text,true,,286,137,30,30,http://192.168.56.101/small/test2_small.txt,1,0,0
1687017583998,1,HTTP Request,200,OK,TG_1_Small_500 1-4,text,true,,286,137,30,30,http://192.168.56.101/small/test3_small.txt,1,0,0
1687017583979,1,HTTP Request,200,OK,TG_1_Small_500 1-18,text,true,,286,137,30,30,http://192.168.56.101/small/test2_small.txt,1,0,0
1687017583827,0,HTTP Request,200,OK,TG_1_Small_500 1-17,text,true,,286,137,30,30,http://192.168.56.101/small/test2_small.txt,0,0,0
1687017583675,1,HTTP Request,200,OK,TG_1_Small_500 1-16,text,true,,286,137,30,30,http://192.168.56.101/small/test2_small.txt,1,0,0
1687017583520,1,HTTP Request,200,OK,TG_1_Small_500 1-15,text,true,,286,137,30,30,http://192.168.56.101/small/test2_small.txt,1,0,0
